Game Name;Developer;Game Name Length
The Polygon Top 50 List Works;Unknown Developer;29
Mr. Sun’S Hatbox;Unknown Developer;16
Lies Of P;Unknown Developer;9
Tchia;Unknown Developer;5
Blasphemous 2;Unknown Developer;13
Party Animals;Unknown Developer;13
The Talos Principle 2;Unknown Developer;21
Fading Afternoon;Unknown Developer;16
Suika Game;Unknown Developer;10
League Of Legends Season 13;Unknown Developer;27
Goodbye Volcano High;Unknown Developer;20
World Of Warcraft Classic;Unknown Developer;25
Fire Emblem Engage;Unknown Developer;18
Pizza Tower;Unknown Developer;11
Subpar Pool;Unknown Developer;11
Amnesia: The Bunker;Unknown Developer;19
Lil Gator Game;Unknown Developer;14
Starfield;Unknown Developer;9
System Shock;Unknown Developer;12
Star Wars Jedi: Survivor;Unknown Developer;24
Connections;Unknown Developer;11
Hi-Fi Rush;Unknown Developer;10
Monster Hunter Now;Unknown Developer;18
Diablo 4;Unknown Developer;8
Hitman World Of Assassination: Freelancer Mode;Unknown Developer;46
Venba;Unknown Developer;5
Viewfinder;Unknown Developer;10
Humanity;Unknown Developer;8
Paranormasight: The Seven Mysteries Of Honjo;Unknown Developer;44
Marvel’S Midnight Suns;Unknown Developer;22
Honkai: Star Rail;Unknown Developer;17
Chants Of Sennaar;Unknown Developer;17
Metroid Prime Remastered;Unknown Developer;24
Shadow Gambit: The Cursed Crew;Unknown Developer;30
Dredge;Unknown Developer;6
Final Fantasy 16;Unknown Developer;16
Cyberpunk 2077: Phantom Liberty;Unknown Developer;31
Dead Space;Unknown Developer;10
Octopath Traveler 2;Unknown Developer;19
Dave The Diver;Unknown Developer;14
Resident Evil 4 Remake;Unknown Developer;22
Armored Core 6: Fires Of Rubicon;Unknown Developer;32
Jusant;Unknown Developer;6
Marvel’S Spider-Man 2;Unknown Developer;21
Street Fighter 6;Unknown Developer;16
Cocoon;Unknown Developer;6
Pikmin 4;Unknown Developer;8
Super Mario Bros. Wonder;Unknown Developer;24
Alan Wake 2;Unknown Developer;11
Baldur’S Gate 3;Unknown Developer;15
The Legend Of Zelda: Tears Of The Kingdom;Unknown Developer;41
